{
    "gpt-4o": {
        "score_reason_mean": 0.7179591719999995,
        "score_4o_accuracy": 0.596,
        "hop_quality_mean": 0.319,
        "score_reason_hop_correlation": 0.809715464516767,
        "hop_count_correlation": 0.21758662589192218,
        "knowledgeable_mean": 0.8704,
        "precise_mean": 0.6854319999999977,
        "reasonable_mean": 0.7380640000000032,
        "score_reason_score_4o_correlation": 0.372601964373368
    },
    "gemini-1.5-pro-001": {
        "score_reason_mean": 0.26737704680000013,
        "score_4o_accuracy": 0.422,
        "hop_quality_mean": 0.153,
        "score_reason_hop_correlation": 0.8077767867159056,
        "hop_count_correlation": 0.08927962786990011,
        "knowledgeable_mean": 0.7392120075046904,
        "precise_mean": 0.6087992495309594,
        "reasonable_mean": 0.656772983114448,
        "score_reason_score_4o_correlation": 0.5576880726760198
    },
    "gemini-1.5-flash-001": {
        "score_reason_mean": 0.3985102131799999,
        "score_4o_accuracy": 0.5455,
        "hop_quality_mean": 0.188,
        "score_reason_hop_correlation": 0.9001460307687242,
        "hop_count_correlation": 0.14017505861428045,
        "knowledgeable_mean": 0.8104395604395604,
        "precise_mean": 0.6673763736263759,
        "reasonable_mean": 0.7149450549450556,
        "score_reason_score_4o_correlation": 0.4183134644111131
    },
    "claude-3-5-sonnet-20240620": {
        "score_reason_mean": 0.6039299740000001,
        "score_4o_accuracy": 0.4815,
        "hop_quality_mean": 0.27,
        "score_reason_hop_correlation": 0.915223409236773,
        "hop_count_correlation": 0.20938417922523728,
        "knowledgeable_mean": 0.8824681684622919,
        "precise_mean": 0.714211557296767,
        "reasonable_mean": 0.7646718903036258,
        "score_reason_score_4o_correlation": 0.6125786768440129
    },
    "qwen-vl-max-0809": {
        "score_reason_mean": 0.7107259705000011,
        "score_4o_accuracy": 0.5615,
        "hop_quality_mean": 0.314,
        "score_reason_hop_correlation": 0.7496346422204087,
        "hop_count_correlation": 0.19810875637116304,
        "knowledgeable_mean": 0.8204144282425173,
        "precise_mean": 0.6587874136607828,
        "reasonable_mean": 0.7115963161934001,
        "score_reason_score_4o_correlation": 0.3529600810223574
    },
    "qwen-vl-plus-0809": {
        "score_reason_mean": 0.5790904437000003,
        "score_4o_accuracy": 0.5235,
        "hop_quality_mean": 0.262,
        "score_reason_hop_correlation": 0.8561264296557638,
        "hop_count_correlation": -0.06275769169661587,
        "knowledgeable_mean": 0.8412698412698413,
        "precise_mean": 0.6605508870214744,
        "reasonable_mean": 0.709626517273575,
        "score_reason_score_4o_correlation": 0.25957846969937515
    },
    "yi-vision": {
        "score_reason_mean": 0.402676242,
        "score_4o_accuracy": 0.5335,
        "hop_quality_mean": 0.196,
        "score_reason_hop_correlation": 0.8168694562425334,
        "hop_count_correlation": 0.08574598516466453,
        "knowledgeable_mean": 0.7721518987341772,
        "precise_mean": 0.6148101265822812,
        "reasonable_mean": 0.6675949367088586,
        "score_reason_score_4o_correlation": 0.35465466074426516
    },
    "internlm-xcomposer2d5-7b": {
        "score_reason_mean": 0.2726924964999998,
        "score_4o_accuracy": 0.5075,
        "hop_quality_mean": 0.127,
        "score_reason_hop_correlation": 0.9127038253360502,
        "hop_count_correlation": 0.3380171496508121,
        "knowledgeable_mean": 0.8580645161290322,
        "precise_mean": 0.6993548387096777,
        "reasonable_mean": 0.7410107526881722,
        "score_reason_score_4o_correlation": 0.18227396192736045
    },
    "VILA1.5-40b": {
        "score_reason_mean": 0.5259023422000001,
        "score_4o_accuracy": 0.5265,
        "hop_quality_mean": 0.277,
        "score_reason_hop_correlation": 0.7958061220503153,
        "hop_count_correlation": 0.2854818386808161,
        "knowledgeable_mean": 0.782608695652174,
        "precise_mean": 0.6126275992438593,
        "reasonable_mean": 0.6633648393194733,
        "score_reason_score_4o_correlation": 0.25609943175253086
    }
}