{
    "gpt-4o": {
        "score_reason_mean": 1.4676307753199975,
        "score_4o_accuracy": 0.678,
        "hop_quality_mean": 2.458,
        "score_reason_hop_correlation": 0.6075054298348501,
        "hop_count_correlation": 0.20999946828002974,
        "knowledgeable_mean": 0.6362896663954435,
        "precise_mean": 0.7174450772986168,
        "reasonable_mean": 0.8729698942229461,
        "score_reason_score_4o_correlation": 0.44172929587327314
    },
    "gemini-1.5-pro-001": {
        "score_reason_mean": 1.2701318328399966,
        "score_4o_accuracy": 0.569,
        "hop_quality_mean": 2.114,
        "score_reason_hop_correlation": 0.717456021094036,
        "hop_count_correlation": -0.05430324512051799,
        "knowledgeable_mean": 0.6688741721854304,
        "precise_mean": 0.7144560075685902,
        "reasonable_mean": 0.8444560075685894,
        "score_reason_score_4o_correlation": 0.5829921604143993
    },
    "gemini-1.5-flash-001": {
        "score_reason_mean": 1.27007854172,
        "score_4o_accuracy": 0.6325,
        "hop_quality_mean": 2.378,
        "score_reason_hop_correlation": 0.614185010597766,
        "hop_count_correlation": 0.09142482356945254,
        "knowledgeable_mean": 0.5895710681244744,
        "precise_mean": 0.6562825904121101,
        "reasonable_mean": 0.8108578637510525,
        "score_reason_score_4o_correlation": 0.44002217240145824
    },
    "claude-3-5-sonnet-20240620": {
        "score_reason_mean": 1.2838315412350005,
        "score_4o_accuracy": 0.562,
        "hop_quality_mean": 2.354,
        "score_reason_hop_correlation": 0.662828534046906,
        "hop_count_correlation": 0.0911381108162129,
        "knowledgeable_mean": 0.5998300764655905,
        "precise_mean": 0.6715293118096866,
        "reasonable_mean": 0.8369243840271869,
        "score_reason_score_4o_correlation": 0.49322656345843024
    },
    "yi-vision": {
        "score_reason_mean": 1.1424046111699988,
        "score_4o_accuracy": 0.5765,
        "hop_quality_mean": 2.466,
        "score_reason_hop_correlation": 0.6185197915298681,
        "hop_count_correlation": 0.1357757799166163,
        "knowledgeable_mean": 0.48012976480129765,
        "precise_mean": 0.5992700729927002,
        "reasonable_mean": 0.7966180048661795,
        "score_reason_score_4o_correlation": 0.5397986296998712
    },
    "glm-4v": {
        "score_reason_mean": 0.7693400117999992,
        "score_4o_accuracy": 0.4645,
        "hop_quality_mean": 2.206,
        "score_reason_hop_correlation": 0.5101994119119863,
        "hop_count_correlation": 0.06255669206014548,
        "knowledgeable_mean": 0.2973708068902992,
        "precise_mean": 0.48526745240253844,
        "reasonable_mean": 0.7293381686310069,
        "score_reason_score_4o_correlation": 0.10506573366764022
    },
    "internlm-xcomposer2d5-7b": {
        "score_reason_mean": 1.190170336983119,
        "score_4o_accuracy": 0.528,
        "hop_quality_mean": 2.462,
        "score_reason_hop_correlation": 0.5532046281890642,
        "hop_count_correlation": 0.12615888403227973,
        "knowledgeable_mean": 0.49553208773354995,
        "precise_mean": 0.6112266450040607,
        "reasonable_mean": 0.8116734362307076,
        "score_reason_score_4o_correlation": 0.2213482187578992
    },
    "internvl": {
        "score_reason_mean": 0.7935414758399997,
        "score_4o_accuracy": 0.466,
        "hop_quality_mean": 2.254,
        "score_reason_hop_correlation": 0.5304846670812164,
        "hop_count_correlation": 0.1511033262303528,
        "knowledgeable_mean": 0.3087843833185448,
        "precise_mean": 0.4835137533274183,
        "reasonable_mean": 0.7168234250221825,
        "score_reason_score_4o_correlation": 0.26840528496661265
    },
    "qwen-vl-max-0809": {
        "score_reason_mean": 1.2586613092799988,
        "score_4o_accuracy": 0.493,
        "hop_quality_mean": 2.304,
        "score_reason_hop_correlation": 0.6836255681222265,
        "hop_count_correlation": 0.14630998009741297,
        "knowledgeable_mean": 0.5980902777777778,
        "precise_mean": 0.6637239583333334,
        "reasonable_mean": 0.8303124999999999,
        "score_reason_score_4o_correlation": 0.23084569981739908
    },
    "qwen-vl-plus-0809": {
        "score_reason_mean": 1.0511207096100004,
        "score_4o_accuracy": 0.545,
        "hop_quality_mean": 2.32,
        "score_reason_hop_correlation": 0.5406925399634723,
        "hop_count_correlation": 0.16135789275309811,
        "knowledgeable_mean": 0.48017241379310344,
        "precise_mean": 0.5715,
        "reasonable_mean": 0.7909913793103445,
        "score_reason_score_4o_correlation": 0.4654288775696689
    },
    "VILA1.5-40b": {
        "score_reason_mean": 0.9978730421519989,
        "score_4o_accuracy": 0.5425,
        "hop_quality_mean": 2.294,
        "score_reason_hop_correlation": 0.596654476498429,
        "hop_count_correlation": 0.03814223833747504,
        "knowledgeable_mean": 0.44986922406277247,
        "precise_mean": 0.5508020924149966,
        "reasonable_mean": 0.7744725370531821,
        "score_reason_score_4o_correlation": 0.3544476640141534
    }
}