{
    "gpt-4o": {
        "score_reason_mean": 1.7459553808999977,
        "score_4o_accuracy": 0.6775,
        "hop_quality_mean": 2.408,
        "score_reason_hop_correlation": 0.7682958653553534,
        "hop_count_correlation": 0.33682379353799224,
        "knowledgeable_mean": 0.8920265780730897,
        "precise_mean": 0.8343438538205973,
        "reasonable_mean": 0.8983803986710981,
        "score_reason_score_4o_correlation": 0.42705136861689524
    },
    "gemini-1.5-pro-001": {
        "score_reason_mean": 1.4908517435799995,
        "score_4o_accuracy": 0.598,
        "hop_quality_mean": 2.012,
        "score_reason_hop_correlation": 0.8970461991629788,
        "hop_count_correlation": 0.14057864484536114,
        "knowledgeable_mean": 0.915506958250497,
        "precise_mean": 0.8456262425447323,
        "reasonable_mean": 0.9061630218687892,
        "score_reason_score_4o_correlation": 0.5135899902295205
    },
    "gemini-1.5-flash-001": {
        "score_reason_mean": 1.5684019828999995,
        "score_4o_accuracy": 0.6065,
        "hop_quality_mean": 2.298,
        "score_reason_hop_correlation": 0.762337099055568,
        "hop_count_correlation": 0.25237117755480565,
        "knowledgeable_mean": 0.8433420365535248,
        "precise_mean": 0.794743255004351,
        "reasonable_mean": 0.8618015665796359,
        "score_reason_score_4o_correlation": 0.3487733131111923
    },
    "claude-3-5-sonnet-20240620": {
        "score_reason_mean": 1.5457071536199984,
        "score_4o_accuracy": 0.601,
        "hop_quality_mean": 2.156,
        "score_reason_hop_correlation": 0.8426052525022865,
        "hop_count_correlation": 0.25441895165917533,
        "knowledgeable_mean": 0.8886827458256029,
        "precise_mean": 0.8313079777365489,
        "reasonable_mean": 0.8892207792207802,
        "score_reason_score_4o_correlation": 0.495887553923566
    },
    "qwen-vl-max-0809": {
        "score_reason_mean": 1.3733247683499985,
        "score_4o_accuracy": 0.596,
        "hop_quality_mean": 2.014,
        "score_reason_hop_correlation": 0.8729106113024281,
        "hop_count_correlation": 0.2928361527841751,
        "knowledgeable_mean": 0.846077457795432,
        "precise_mean": 0.7905461767626608,
        "reasonable_mean": 0.872075471698115,
        "score_reason_score_4o_correlation": 0.49974396169287766
    },
    "qwen-vl-plus-0809": {
        "score_reason_mean": 1.4212352732999993,
        "score_4o_accuracy": 0.579,
        "hop_quality_mean": 2.102,
        "score_reason_hop_correlation": 0.7786610930518023,
        "hop_count_correlation": 0.36869919371700566,
        "knowledgeable_mean": 0.8382492863939106,
        "precise_mean": 0.7794386298763076,
        "reasonable_mean": 0.864719314938155,
        "score_reason_score_4o_correlation": 0.39255639938356673
    },
    "yi-vision": {
        "score_reason_mean": 1.3502070078999981,
        "score_4o_accuracy": 0.592,
        "hop_quality_mean": 2.192,
        "score_reason_hop_correlation": 0.7305529455690565,
        "hop_count_correlation": 0.2199476270360911,
        "knowledgeable_mean": 0.7563868613138686,
        "precise_mean": 0.735501824817518,
        "reasonable_mean": 0.8295164233576652,
        "score_reason_score_4o_correlation": 0.4126644333075016
    },
    "internlm-xcomposer2d5-7b": {
        "score_reason_mean": 1.5344921848500002,
        "score_4o_accuracy": 0.5595,
        "hop_quality_mean": 2.374,
        "score_reason_hop_correlation": 0.7034189584467548,
        "hop_count_correlation": 0.3467154865243188,
        "knowledgeable_mean": 0.797809604043808,
        "precise_mean": 0.7669418702611626,
        "reasonable_mean": 0.834700926705982,
        "score_reason_score_4o_correlation": 0.25071540880375137
    },
    "VILA1.5-40b": {
        "score_reason_mean": 1.2788016141999994,
        "score_4o_accuracy": 0.572,
        "hop_quality_mean": 2.182,
        "score_reason_hop_correlation": 0.683313400336694,
        "hop_count_correlation": 0.2860101594494912,
        "knowledgeable_mean": 0.7222731439046746,
        "precise_mean": 0.7005224564619609,
        "reasonable_mean": 0.7924106324472973,
        "score_reason_score_4o_correlation": 0.33005583512366593
    }
}