{
    "gpt-4o": {
        "score_reason_mean": 0.5611261672500002,
        "score_4o_accuracy": 0.598,
        "hop_quality_mean": 0.3,
        "score_reason_hop_correlation": 0.7640612409844794,
        "hop_count_correlation": -0.08945234154649193,
        "knowledgeable_mean": 0.6414342629482072,
        "precise_mean": 0.603633466135457,
        "reasonable_mean": 0.6516494023904378,
        "score_reason_score_4o_correlation": 0.411619976804383
    },
    "gemini-1.5-pro-001": {
        "score_reason_mean": 0.17426150999999995,
        "score_4o_accuracy": 0.4055,
        "hop_quality_mean": 0.078,
        "score_reason_hop_correlation": 0.918141061249303,
        "hop_count_correlation": 0.09261269831201742,
        "knowledgeable_mean": 0.7556818181818182,
        "precise_mean": 0.6425000000000005,
        "reasonable_mean": 0.7020454545454546,
        "score_reason_score_4o_correlation": 0.5049291850965237
    },
    "gemini-1.5-flash-001": {
        "score_reason_mean": 0.35066042279999965,
        "score_4o_accuracy": 0.5135,
        "hop_quality_mean": 0.24,
        "score_reason_hop_correlation": 0.7943818047869028,
        "hop_count_correlation": 0.05665383297728072,
        "knowledgeable_mean": 0.5270684371807968,
        "precise_mean": 0.523115423901941,
        "reasonable_mean": 0.5726762002042904,
        "score_reason_score_4o_correlation": 0.2736271951203245
    },
    "claude-3-5-sonnet-20240620": {
        "score_reason_mean": 0.4159474673600002,
        "score_4o_accuracy": 0.504,
        "hop_quality_mean": 0.19,
        "score_reason_hop_correlation": 0.8826623318476888,
        "hop_count_correlation": 0.04015042337382498,
        "knowledgeable_mean": 0.7593457943925234,
        "precise_mean": 0.6356425233644866,
        "reasonable_mean": 0.6821612149532694,
        "score_reason_score_4o_correlation": 0.5077399308669361
    },
    "qwen-vl-max-0809": {
        "score_reason_mean": 0.5584097211249999,
        "score_4o_accuracy": 0.446,
        "hop_quality_mean": 0.303,
        "score_reason_hop_correlation": 0.7919408521038624,
        "hop_count_correlation": -0.1176398758802281,
        "knowledgeable_mean": 0.6517493897477624,
        "precise_mean": 0.608405207485759,
        "reasonable_mean": 0.6598372660699758,
        "score_reason_score_4o_correlation": 0.22260129869866313
    },
    "qwen-vl-plus-0809": {
        "score_reason_mean": 0.4011449688599999,
        "score_4o_accuracy": 0.43,
        "hop_quality_mean": 0.242,
        "score_reason_hop_correlation": 0.8266136840344954,
        "hop_count_correlation": -0.11303627431638709,
        "knowledgeable_mean": 0.621900826446281,
        "precise_mean": 0.5722210743801656,
        "reasonable_mean": 0.6250413223140497,
        "score_reason_score_4o_correlation": 0.3542142421982362
    },
    "glm-4v": {
        "score_reason_mean": 0.03743373500000001,
        "score_4o_accuracy": 0.43,
        "hop_quality_mean": 0.055,
        "score_reason_hop_correlation": 0.6709655865523139,
        "hop_count_correlation": -0.08130604699122901,
        "knowledgeable_mean": 0.16818181818181818,
        "precise_mean": 0.3505454545454543,
        "reasonable_mean": 0.36004545454545483,
        "score_reason_score_4o_correlation": 0.06348624603768716
    },
    "yi-vision": {
        "score_reason_mean": 0.31073303185000023,
        "score_4o_accuracy": 0.5285,
        "hop_quality_mean": 0.196,
        "score_reason_hop_correlation": 0.7712350708272917,
        "hop_count_correlation": -0.15272659638719793,
        "knowledgeable_mean": 0.5104039167686658,
        "precise_mean": 0.5420807833537333,
        "reasonable_mean": 0.5758873929008562,
        "score_reason_score_4o_correlation": 0.18865027526647554
    },
    "internlm-xcomposer2d5-7b": {
        "score_reason_mean": 0.15596857031999994,
        "score_4o_accuracy": 0.4515,
        "hop_quality_mean": 0.074,
        "score_reason_hop_correlation": 0.8172099904283658,
        "hop_count_correlation": -0.02581105617962396,
        "knowledgeable_mean": 0.5656565656565656,
        "precise_mean": 0.5406565656565655,
        "reasonable_mean": 0.5870707070707069,
        "score_reason_score_4o_correlation": 0.26812234289546805
    },
    "internvl": {
        "score_reason_mean": 0.13567221200000007,
        "score_4o_accuracy": 0.339,
        "hop_quality_mean": 0.12,
        "score_reason_hop_correlation": 0.7617793228068679,
        "hop_count_correlation": -0.031333753171610135,
        "knowledgeable_mean": 0.37549407114624506,
        "precise_mean": 0.44405138339920935,
        "reasonable_mean": 0.4638142292490115,
        "score_reason_score_4o_correlation": 0.2820856248987974
    },
    "VILA1.5-40b": {
        "score_reason_mean": 0.3121528478000001,
        "score_4o_accuracy": 0.433,
        "hop_quality_mean": 0.214,
        "score_reason_hop_correlation": 0.7561320608450248,
        "hop_count_correlation": 0.08666752559398061,
        "knowledgeable_mean": 0.5049944506104328,
        "precise_mean": 0.4950388457269704,
        "reasonable_mean": 0.5478579356270802,
        "score_reason_score_4o_correlation": 0.26239285813356933
    }
}